"code";"parent_code";"name";"accountType.technicalTypeSelect";"reconcileOk";"useForPartnerBalance";"isTaxAuthorizedOnMoveLine";"isTaxRequiredOnMoveLine"
0;0;"Racine PCG";"view";;;;
"CL1";"CL1";"Comptes de ressources durables";"view";;;;
"CL1_5";"CL1";"Comptes de bilan";"view";;;;
"CL6";"CL6";"Comptes de charge des activités ordinaires";"view";;;;
"CL6_7";"CL6";"Comptes de gestion";"view";;;;
"CL2";"CL2";"Comptes d'immobilisations";"view";;;;
"CL3";"CL3";"Comptes de stocks et d'en-cours";"view";;;;
"CL4";"CL4";"Comptes de tiers";"view";;;;
"CL7";"CL7";"Comptes de produits des activités ordinaires";"view";;;;
"CL8";"CL8";"Comptes des autres charge et des autres produits";"view";;;;
"CL9";"CL9";"Comptes spéciaux";"view";;;;
10;"CL1";"Capital";"view";;;;
101;10;"Capital social";"equity";;;;
101100;101;"Capital souscrit, non appelé  non appelé";"equity";;;;
101200;101;"Capital souscrit, appelé, non versé  appelé  non versé";"equity";;;;
101300;101;"Capital souscrit, appelé, versé, non amorti  appelé  versé  non amorti";"equity";;;;
101400;101;"Capital souscrit, appelé, versé, amorti  appelé  versé  amorti";"equity";;;;
101800;101;"Capital souscrit soumis à des conditions particulières";"equity";;;;
102;10;"Capital par dotation";"equity";;;;
102100;102;"Dotation initiale";"equity";;;;
102200;102;"Dotations complémentaires";"equity";;;;
102800;102;"Autres dotations";"equity";;;;
103;103;"Capital personnel";"equity";;;;
104;10;"Compte de l'exploitant";"equity";;;;
104100;104;"Apports temporaires";"equity";;;;
104200;104;"Opérations courantes";"equity";;;;
104300;104;"Rémunérations  impôts et autres charge personnelles";"equity";;;;
104700;104;"Prélèvements d'autoconsommation";"equity";;;;
104800;104;"Autres prélèvements";"equity";;;;
105;105;"Primes liées au capital social";"equity";;;;
105100;105;"Primes d'émission";"equity";;;;
105200;105;"Primes d'apport";"equity";;;;
105300;105;"Primes de fusion";"equity";;;;
105400;105;"Primes de conversion";"equity";;;;
105800;105;"Autres primes";"equity";;;;
106;106;"Ecarts de réévaluation";"equity";;;;
106100;106;"Ecarts de réévaluation légale";"equity";;;;
106200;106;"Ecarts de réévaluation libre";"equity";;;;
109;10;"Apporteurs  capital souscrit  non appelé";"equity";;;;
11;"CL1";"Réserves";"view";;;;
111;11;"Réserve légale";"equity";;;;
112;11;"Réserves statutaires ou contractuelles";"equity";;;;
113;11;"Réserves réglementées";"equity";;;;
113100;113;"Réserves de plus-values nettes à long terme";"equity";;;;
113200;113;"Réserves d'attribution gratuite d'actions au personnel salarié et aux dirigeants";"equity";;;;
113300;113;"Réserves consécutives à l'octroi de subventions d'investissement";"equity";;;;
113400;113;"Réserves des valeurs mobilières donnant accès au capital";"equity";;;;
113800;113;"Autres réserves réglementées";"equity";;;;
118;11;"Autres réserves";"equity";;;;
118100;118;"Réserves facultatives";"equity";;;;
118800;118;"Réserves diverses";"equity";;;;
12;"CL1";"Report à nouveau";"view";;;;
121;12;"Report à nouveau créditeur";"equity";;;;
129;12;"Report à nouveau débiteur";"equity";;;;
129100;129;"Perte nette à reporter";"equity";;;;
129200;129;"Perte - Amortissements réputés différés";"equity";;;;
13;"CL1";"Résultat net de l'exercice";"view";;;;
130;13;"Résultat en instance d'affectation";"equity";;;;
130100;130;"Résultat en instance d'affectation : Bénéfice";"equity";;;;
130900;130;"Résultat en instance d'affectation : Perte";"equity";;;;
131;13;"Résultat net : bénéfice";"equity";;;;
132;13;"Marge commerciale (MC)";"equity";;;;
133;13;"Valeur ajoutée (V.A.)";"equity";;;;
134;13;"Excédent brut d'exploitation (E.B.E.)";"equity";;;;
135;13;"Résultat d'exploitation (R.E.)";"equity";;;;
136;13;"Résultat financier (R.F.)";"equity";;;;
137;13;"Résultat des activités ordinaires (R.A.O.)";"equity";;;;
138;13;"Résultat hors activités ordinaires (R.H.A.O.)";"equity";;;;
138100;138;"Résultat de fusion";"equity";;;;
138200;138;"Résultat d'apport partiel d'actif";"equity";;;;
138300;138;"Résultat de scission";"equity";;;;
138400;138;"Résultat de liquidation";"equity";;;;
139;13;"Résultat net : Perte";"equity";;;;
14;"CL1";"Subventions d'investissement";"view";;;;
141;14;"Subventions d'équipement A";;;;;
1411;1411;"Etat";"equity";;;;
141200;141;"Régions";"equity";;;;
141300;141;"Départements";"equity";;;;
141400;141;"Communes et collectivités publiques décentralisées";"equity";;;;
141500;141;"Entités publiques ou mixtes";"equity";;;;
141600;141;"Entités et organismes privés";"equity";;;;
141700;141;"Organismes internationaux";"equity";;;;
141800;141;"Autres";"equity";;;;
148;14;"Autres subventions d'investissement";"equity";;;;
15;"CL1";"Provisions réglementées et fonds assimilés";"view";;;;
151;15;"Amortissements dérogatoires";"equity";;;;
152;15;"Plus-values de cession à réinvestir";"equity";;;;
153;15;"Fonds réglementés";"equity";;;;
153100;153;"Fonds National";"equity";;;;
153200;153;"Prélèvement pour le Budget";"equity";;;;
154;15;"Provisions spéciales de réévaluation";"equity";;;;
155;15;"Provisions réglementées relatives aux immobilisations";"equity";;;;
155100;155;"Reconstitution des gisements miniers et pétroliers";"equity";;;;
156;15;"Provisions réglementées relatives aux stocks";"equity";;;;
156100;156;"Hausse de prix";"equity";;;;
156200;156;"Fluctuation des cours";"equity";;;;
157;15;"Provisions pour investissement";"equity";;;;
158;15;"Autres provisions et fonds réglementes";"equity";;;;
16;"CL1";"Emprunts et dettes assimilées";"view";;;;
161;16;"Emprunts obligataires";"equity";;;;
161100;161;"Emprunts obligataires ordinaires";"equity";;;;
161200;161;"Emprunts obligataires convertibles en actions";"equity";;;;
161300;161;"Emprunts obligataires remboursables en actions";"equity";;;;
161800;161;"Autres emprunts obligataires";"equity";;;;
162;16;"Emprunts et dettes auprès des établissements de crédit";"equity";;;;
163;16;"Avances reçues de l'état";"equity";;;;
164;16;"Avances reçues et comptes courants bloqués";"equity";;;;
165;16;"Dépôts et cautionnements reçus";"equity";;;;
165100;165;"Dépôts";"equity";;;;
165200;165;"Cautionnements";"equity";;;;
166;16;"Intérêts courus";"equity";;;;
166100;166;"sur emprunts obligataires";"equity";;;;
166200;166;"sur emprunts et dettes auprès des établissements de crédit";"equity";;;;
166300;166;"sur avances reçues de l'Etat";"equity";;;;
166400;166;"sur avances reçues et comptes courants bloqués";"equity";;;;
166500;166;"sur dépôts et cautionnements reçus";"equity";;;;
166700;166;"sur avances assorties de conditions particulières";"equity";;;;
166800;166;"sur autres emprunts et dettes";"equity";;;;
167;16;"Avances assorties de conditions particulières";"equity";;;;
167100;167;"Avances bloquées pour augmentation du capital";"equity";;;;
167200;167;"Avances conditionnées par l'Etat";"equity";;;;
167300;167;"Avances conditionnées par les autres organismes africains";"equity";;;;
167400;167;"Avances conditionnées par les organismes internationaux";"equity";;;;
168;16;"Autres emprunts et dettes";"equity";;;;
168100;168;"Rentes viagères capitalisées";"equity";;;;
168200;168;"Billets de fonds";"equity";;;;
168300;168;"Dettes consécutives à des titres empruntés";"equity";;;;
168400;168;"Emprunts participatifs";"equity";;;;
168500;168;"Participation des travailleurs aux bénéfices";"equity";;;;
168600;168;"Emprunts et dettes contractés auprès des autres tiers";"equity";;;;
17;"CL1";"Dettes de location acquisition";"view";;;;
172;17;"Dettes de location acquisition/ crédit-bail immobilier";"equity";;;;
212100;212;"Brevets";"immobilisation";;;;
173;17;"Dettes de location acquisition/ crédit-bail mobilier";"equity";;;;
174;17;"Dettes de location acquisition / location de vente";"equity";;;;
176;17;"Intérêts courus";"equity";;;;
176200;176;"sur dettes de location acquisition / crédit-bail immobilier";"equity";;;;
176300;176;"dettes de location acquisition /crédit-bail mobilier";"equity";;;;
176400;176;"sur dettes de location acquisition /location-vente";"equity";;;;
176800;176;"sur autres dettes de location acquisition";"equity";;;;
178;17;"Autres dettes de location acquisition";"equity";;;;
18;"CL1";"Dettes liées à des participations et comptes de liaison des établissements et sociétés en participation";"view";;;;
181;18;"Dettes liées à des participations";"equity";;;;
181100;181;"Dettes liées à des participations (groupe)";"equity";;;;
181200;181;"Dettes liées à des participations (hors groupe)";"equity";;;;
182;18;"Dettes liées à des sociétés en participation";"view";;;;
183;18;"Intérêts courus sur dettes liées à des participations";"equity";;;;
184;18;"Comptes permanents bloqués des établissements et succursales";"equity";;;;
185;18;"Comptes permanents non bloqués des établissements et succursales";"equity";;;;
186;18;"Comptes de liaison charge";"equity";;;;
187;18;"Comptes de liaison produits";"equity";;;;
188;18;"Comptes de liaison des sociétés en participation";"equity";;;;
19;"CL1";"Provisions pour risques et charge";"view";;;;
191;19;"Provisions pour litiges";"equity";;;;
192;19;"Provisions pour garanties données aux clients";"equity";;;;
193;19;"Provisions pour pertes sur marchés à achèvement futur";"equity";;;;
194;19;"Provisions pour pertes de change";"equity";;;;
195;19;"Provisions pour impôts";"equity";;;;
196;19;"Provisions pour pensions et obligations similaires";"equity";;;;
196100;196;"Provisions pour pensions et obligations similaires-engagement de retraite";"equity";;;;
196200;196;"Actif du régime de retraite";"equity";;;;
197;19;"Provisions pour restructuration";"equity";;;;
198;19;"Autres provisions pour risques et charge";"equity";;;;
198100;198;"Provisions pour amendes et pénalités";"equity";;;;
198300;198;"Provisions pour propre assureur";"equity";;;;
198400;198;"Provisions pour démantèlement et remise en état";"equity";;;;
198500;198;"Provisions pour droits à réduction ou avantage en nature (Chèques cadeau  cartes de fidélité‚Ä¶)";"equity";;;;
198800;198;"Provisions pour divers risques et charge";"equity";;;;
21;"CL2";"Immobilisation incorporelles";"view";;;;
211;21;"Frais de développement";"immobilisation";;;;
212;21;"Brevets  licences  concessions  et droits similaires";"immobilisation";;;;
212200;212;"Licences";"immobilisation";;;;
212300;212;"Concessions de service public";"immobilisation";;;;
212800;212;"Autres concessions et droits similaires";"immobilisation";;;;
213;21;"Logiciels et sites internet";"immobilisation";;;;
213100;213;"Logiciels";"immobilisation";;;;
213200;213;"Sites internet";"immobilisation";;;;
214;21;"Marques";"immobilisation";;;;
215;21;"Fonds commercial";"immobilisation";;;;
216;21;"Droit au bail";"immobilisation";;;;
217;21;"Investissements de création";"immobilisation";;;;
218;21;"Autres droits et valeurs incorporels";"immobilisation";;;;
218100;218;"Frais de prospection et d'évaluation de ressources minérales";"immobilisation";;;;
218200;218;"Coûts d'obtention du contrat";"immobilisation";;;;
218300;218;"Fichiers clients notices  titres de journaux et magazines";"immobilisation";;;;
218400;218;"Coûts des franchises";"immobilisation";;;;
218800;218;"Divers droits et valeurs incorporels";"immobilisation";;;;
219;21;"Immobilisation incorporelles en cours";"immobilisation";;;;
219100;219;"Frais de développement";"immobilisation";;;;
219300;219;"Logiciels et internet";"immobilisation";;;;
219800;219;"Autres droits et valeurs incorporels";"immobilisation";;;;
22;"CL2";"Terrains";"view";;;;
221;22;"Terrains agricoles et forestiers";"immobilisation";;;;
221100;221;"Terrains d'exploitation agricole";"immobilisation";;;;
221200;221;"Terrains d'exploitation forestière";"immobilisation";;;;
221800;221;"Autres terrains";"immobilisation";;;;
222;22;"Terrains nus";"immobilisation";;;;
222100;222;"Terrains à bâtir";"immobilisation";;;;
222800;222;"Autres terrains nus";"immobilisation";;;;
223;22;"Terrains bâtis";"immobilisation";;;;
223100;223;"pour bâtiments industriels et agricoles";"immobilisation";;;;
223200;223;"pour bâtiments administratifs et commerciaux";"immobilisation";;;;
223400;223;"pour bâtiments affectés aux autres opérations professionnelles";"immobilisation";;;;
223500;223;"pour bâtiments affectés aux autres opérations non professionnelles";"immobilisation";;;;
223800;223;"Autres terrains bâtis";"immobilisation";;;;
224;22;"Travaux de mise en valeur des terrains";"immobilisation";;;;
224100;224;"Plantation d'arbres et d'arbustes";"immobilisation";;;;
224500;224;"Améliorations du fonds";"immobilisation";;;;
224800;224;"Autres travaux";"immobilisation";;;;
225;22;"Terrains de carrières‚Äìtréfonds";"immobilisation";;;;
225100;225;"Carrières";"immobilisation";;;;
226;22;"Terrains aménagés";"immobilisation";;;;
226100;226;"Parkings";"immobilisation";;;;
227;22;"Terrains mis en concession";"immobilisation";;;;
228;22;"Autres terrains";"immobilisation";;;;
228100;228;"Terrains - immeubles de placement";"immobilisation";;;;
228500;228;"Terrains des logements affectés au personnel";"immobilisation";;;;
228600;228;"Terrains de location - acquisition";"immobilisation";;;;
228800;228;"Divers terrains";"immobilisation";;;;
229;22;"Aménagements de terrains en cours";"immobilisation";;;;
229100;229;"Terrains agricoles et forestiers";"immobilisation";;;;
229200;229;"Terrains nus";"immobilisation";;;;
229500;229;"Terrains de carrières - tréfonds";"immobilisation";;;;
229800;229;"Autres terrains";"immobilisation";;;;
23;"CL2";"Bâtiments  installations techniques et agencements";"view";;;;
231;23;"Bâtiments industriels  agricoles  administratifs et commerciaux sur sol propre";"immobilisation";;;;
231100;231;"Bâtiments industriels";"immobilisation";;;;
231200;231;"Bâtiments agricoles";"immobilisation";;;;
231300;231;"Bâtiments administratifs et commerciaux";"immobilisation";;;;
231400;231;"Bâtiments affectés au logement du personnel";"immobilisation";;;;
231500;231;"Bâtiments - immeubles de placement";"immobilisation";;;;
231600;231;"Bâtiments de location - acquisition";"immobilisation";;;;
232;23;"Bâtiments industriels  agricoles  administratifs et commerciaux sur sol propre";"immobilisation";;;;
232100;232;"Bâtiments industriels";"immobilisation";;;;
232200;232;"Bâtiments agricoles";"immobilisation";;;;
232300;232;"Bâtiments administratifs et commerciaux";"immobilisation";;;;
232400;232;"Bâtiments affectés au logement du personnel";"immobilisation";;;;
232500;232;"Bâtiments - immeubles de placement";"immobilisation";;;;
232600;232;"Bâtiments de location - acquisition";"immobilisation";;;;
233;23;"Ouvrages d'infrastructure";"immobilisation";;;;
233100;233;"Voies de terre";"immobilisation";;;;
233200;233;"Voies de fer";"immobilisation";;;;
233300;233;"Voies d'eau";"immobilisation";;;;
233400;233;"Barrages  Digues";"immobilisation";;;;
233500;233;"Pistes d'aérodrome";"immobilisation";;;;
233800;233;"Autres ouvrages d'infrastructures";"immobilisation";;;;
234;23;"Aménagements agencements et installations techniques";"immobilisation";;;;
234100;234;"Installations complexes spécialisées sur sol propre";"immobilisation";;;;
234200;234;"Installations complexes spécialisées sur sol d'autrui";"immobilisation";;;;
234300;234;"Installations à caractère spécifique sur sol propre";"immobilisation";;;;
234400;234;"Installations à caractère spécifique sur sol d'autrui";"immobilisation";;;;
234500;234;"Aménagements et agencements des bâtiments";"immobilisation";;;;
235;23;"Aménagements de bureaux";"immobilisation";;;;
235100;235;"Installations générales";"immobilisation";;;;
235800;235;"Autres aménagements de bureaux";"immobilisation";;;;
237;23;"Bâtiments industriels agricoles et commerciaux mis en concession";"immobilisation";;;;
238;23;"Autres installations et agencements";"immobilisation";;;;
239;23;"Bâtiments aménagements  agencements et installations en cours";"immobilisation";;;;
239100;239;"Bâtiments en cours";"immobilisation";;;;
239200;239;"Installations en cours";"immobilisation";;;;
239300;239;"Ouvrages d'infrastructure en cours";"immobilisation";;;;
239400;239;"Aménagements et agencements et installations techniques en cours";"immobilisation";;;;
239500;239;"Aménagements de bureaux en cours";"immobilisation";;;;
239800;239;"Autres installations et agencements en cours";"immobilisation";;;;
24;"CL2";"Matériel  mobilier et actifs biologiques";"view";;;;
241;24;"Matériel et outillage industriel et commercial";"immobilisation";;;;
241100;241;"Matériel industriel";"immobilisation";;;;
241200;241;"Outillage industriel";"immobilisation";;;;
241300;241;"Matériel commercial";"immobilisation";;;;
241400;241;"Outillage commercial";"immobilisation";;;;
241600;241;"Matériel et outillage industriel et commercial de location‚Äìacquisition";"immobilisation";;;;
242;240;"Matériel et outillage agricole";"immobilisation";;;;
242100;242;"Matériel agricole";"immobilisation";;;;
242200;242;"Outillage agricole";"immobilisation";;;;
242600;242;"Matériel et outillage agricole de location‚Äìacquisition";"immobilisation";;;;
243;24;"Matériel d'emballage récupérable et identifiable";"immobilisation";;;;
244;24;"Matériel et mobilier";"immobilisation";;;;
244100;244;"Matériel de bureau";"immobilisation";;;;
244200;244;"Matériel informatique";"immobilisation";;;;
244300;244;"Matériel bureautique";"immobilisation";;;;
244400;244;"Mobilier de bureau";"immobilisation";;;;
244500;244;"Matériel et mobilier - immeubles de placement";"immobilisation";;;;
244600;244;"Matériel et mobilier de location - acquisition";"immobilisation";;;;
244700;244;"Matériel et mobilier des logements du personnel";"immobilisation";;;;
245;24;"Matériel de transport";"immobilisation";;;;
245100;245;"Matériel automobile";"immobilisation";;;;
245200;245;"Matériel ferroviaire";"immobilisation";;;;
245300;245;"Matériel fluvial lagunaire";"immobilisation";;;;
245400;245;"Matériel naval";"immobilisation";;;;
245500;245;"Matériel aérien";"immobilisation";;;;
245600;245;"Matériel de transport de location - acquisition";"immobilisation";;;;
245700;245;"Matériel hippomobile";"immobilisation";;;;
245800;245;"Autres matériels de transport";"immobilisation";;;;
246;246;"Actifs biologiques";"immobilisation";;;;
246100;246;"Cheptel  animaux de trait";"immobilisation";;;;
246200;246;"Cheptel  animaux reproducteurs";"immobilisation";;;;
246300;246;"Animaux de garde";"immobilisation";;;;
246500;246;"Plantations agricoles";"immobilisation";;;;
246800;246;"Autres actifs biologiques";"immobilisation";;;;
247;24;"Agencements  aménagements du matériel et actifs biologiques";"immobilisation";;;;
247100;247;"Agencements et aménagements du matériel";"immobilisation";;;;
247200;247;"Agencements et aménagements des actifs biologiques";"immobilisation";;;;
247800;247;"Autres agencements  aménagements du matériel et actifs biologiques";"immobilisation";;;;
248;24;"Autres matériels et mobiliers";"immobilisation";;;;
248100;248;"Collections et ≈ìuvres d'art";"immobilisation";;;;
248800;248;"Divers matériels mobiliers";"immobilisation";;;;
249;24;"Matériels et actifs biologiques en cours";"immobilisation";;;;
249100;249;"Matériel et outillage industriel et commercial";"immobilisation";;;;
249200;249;"Matériel et outillage agricole";"immobilisation";;;;
249300;249;"Matériel d'emballage récupérable et identifiable";"immobilisation";;;;
249400;249;"Matériel et mobilier de bureau";"immobilisation";;;;
249500;249;"Matériel de transport";"immobilisation";;;;
249600;249;"Actifs biologiques";"immobilisation";;;;
275600;275;"Cautionnements sur marchés publics";"immobilisation";;;;
249700;249;"Agencements et aménagements du matériel et des actifs biologiques";"immobilisation";;;;
249800;249;"Autres matériels et actifs biologiques en cours";"immobilisation";;;;
25;"CL2";"Avances et acomptes versés sur immobilisations";"view";;;;
251;25;"Avances et acomptes versés sur immobilisations incorporelles";"immobilisation";;;;
252;25;"Avances et acomptes versés sur immobilisations corporelles";"immobilisation";;;;
26;"CL2";"Titres de participation";"view";;;;
261;26;"Titres de participation dans des sociétés sous contrôle exclusif";"immobilisation";;;;
262;26;"Titres de participation dans des sociétés sous contrôle conjoint";"immobilisation";;;;
263;26;"Titres de participation dans des sociétés conférant une influence notable";"immobilisation";;;;
265;26;"Participations dans des organismes professionnels";"immobilisation";;;;
266;26;"Parts dans des groupements d'intérêt économique (G.I.E.)";"immobilisation";;;;
268;26;"Autres titres de participation";"immobilisation";;;;
27;"CL2";"Autres immobilisations financières";"view";;;;
271;27;"Prêts et créances";"immobilisation";;;;
271100;271;"Prêts participatifs";"immobilisation";;;;
271200;271;"Prêts aux associés";"immobilisation";;;;
271300;271;"Billets de fonds";"immobilisation";;;;
271400;271;"Titres prêtés";"immobilisation";;;;
271800;271;"Autres prêts et créances";"immobilisation";;;;
272;27;"Prêts au personnel";"immobilisation";;;;
272100;272;"Prêts immobiliers";"immobilisation";;;;
272200;272;"Prêts mobiliers et d'installation";"immobilisation";;;;
272800;272;"Autres prêts au personnel";"immobilisation";;;;
273;27;"Créances sur l'état";"immobilisation";;;;
273100;273;"Retenues de garantie";"immobilisation";;;;
273300;273;"Fonds réglementé";"immobilisation";;;;
273400;273;"Créances sur le concédant";"immobilisation";;;;
273800;273;"Autres créances sur l'Etat";"immobilisation";;;;
274;274;"Titres immobilisés";"immobilisation";;;;
274100;274;"Titres immobilisés de l'activité de portefeuille (T.I.A.P.)";"immobilisation";;;;
274200;274;"Titres participatifs";"immobilisation";;;;
274300;274;"Certificats d'investissement";"immobilisation";;;;
274400;274;"Parts de fonds commun de placement (F.C.P.)";"immobilisation";;;;
274500;274;"Obligations";"immobilisation";;;;
274600;274;"Actions ou parts propres";"immobilisation";;;;
274800;274;"Autres titres immobilisés";"immobilisation";;;;
275;27;"Dépôts et cautionnements versés";"immobilisation";;;;
275100;275;"Dépôts pour loyers d'avance";"immobilisation";;;;
275200;275;"Dépôts pour l'électricité";"immobilisation";;;;
275300;275;"Dépôts pour l'eau";"immobilisation";;;;
275400;275;"Dépôts pour le gaz";"immobilisation";;;;
275500;275;"Dépôts pour le téléphone  le télex la télécopie";"immobilisation";;;;
275700;275;"Cautionnements sur autres opérations";"immobilisation";;;;
275800;275;"Autres dépôts et cautionnement";"immobilisation";;;;
276;27;"Intérêts courus";"immobilisation";;;;
276100;276;"Prêts et créances non commerciales";"immobilisation";;;;
276200;276;"Prêts au personnel";"immobilisation";;;;
276300;276;"Créances sur l'Etat";"immobilisation";;;;
276400;276;"Titres immobilisés";"immobilisation";;;;
276500;276;"Dépôts et cautionnements versés";"immobilisation";;;;
276700;276;"Créances rattachées à des participations";"immobilisation";;;;
276800;276;"Immobilisation financières diverses";"immobilisation";;;;
277;27;"Créances rattachées à des participations et avances à des G.I.E.";"immobilisation";;;;
277100;277;"Créances rattachées à des participations (groupe)";"immobilisation";;;;
277200;277;"Créances rattachées à des participations (hors groupe)";"immobilisation";"TRUE";"TRUE"
277300;277;"Créances rattachées à des sociétés en participation";"immobilisation";;;;
277400;277;"Avances à des Groupements d'intérêt économique (G.I.E.)";"immobilisation";"TRUE";"TRUE"
278;27;"Immobilisation financières diverses";"immobilisation";"TRUE";"TRUE"
278100;278;"Créances diverses groupe";"immobilisation";"TRUE";"TRUE"
278200;278;"Créances diverses hors groupe";"immobilisation";"TRUE";"TRUE"
278400;278;"Banques dépôts à terme";"immobilisation";"TRUE";"TRUE"
278500;278;"Or et métaux précieux";"immobilisation";"TRUE";"TRUE"
278800;278;"Autres immobilisations financières";"immobilisation";"TRUE";"TRUE"
28;"CL2";"Amortissements";"view";"TRUE";"TRUE"
281;28;"Amortissements des immobilisations incorporelles";"immobilisation";"TRUE";"TRUE"
281100;281;"Amortissements des frais de développement";"immobilisation";"TRUE";"TRUE"
281200;281;"Amortissements des brevets  licences concessions et droits similaires";"immobilisation";"TRUE";"TRUE"
281300;281;"Amortissements des logiciels et sites internet";"immobilisation";;;;
281400;281;"Amortissements des marques";"immobilisation";"TRUE";"TRUE"
281500;281;"Amortissements du fonds commercial";"immobilisation";"TRUE";"TRUE"
281600;281;"Amortissements du droit au bail";"immobilisation";"TRUE";"TRUE"
281700;281;"Amortissements des investissements de création";"immobilisation";"TRUE";"TRUE"
281800;281;"Amortissements des autres droits et valeurs incorporels";"immobilisation";"TRUE";"TRUE"
282;28;"Amortissements des terrains";"immobilisation";"TRUE";"TRUE"
282400;282;"Amortissements des travaux de mise en valeur des terrains";"immobilisation";;;;
283;28;"Amortissements des bâtiments  installations techniques et agencements";"immobilisation";"TRUE";"TRUE"
283100;283;"Amortissements des bâtiments industriels agricoles administratifs et commerciaux sur sol propre";"immobilisation";;;;
283200;283;"Amortissements des bâtiments industriels agricoles  administratifs et commerciaux sur sol d''autrui";"immobilisation";"TRUE";"TRUE"
283300;283;"Amortissements des ouvrages d'infrastructure";"immobilisation";"TRUE";"TRUE"
283400;283;"Amortissements des aménagements agencements et installations techniques";"immobilisation";;;;
283500;283;"Amortissements des aménagements de bureaux";"immobilisation";"TRUE";"TRUE"
283700;283;"Amortissements des bâtiments industriels  agricoles et commerciaux mis en concession";"immobilisation";"TRUE";"TRUE"
283800;283;"Amortissements des autres installations et agencements";"immobilisation";"TRUE";"TRUE"
284;28;"Amortissements du matériel";"immobilisation";"TRUE";"TRUE"
284100;284;"Amortissements du matériel et outillage industriel et commercial";"immobilisation";;;;
284200;284;"Amortissements du matériel et outillage agricole";"immobilisation";"TRUE";"TRUE"
284300;284;"Amortissements du matériel d'emballage récupérable et identifiable";"immobilisation";"TRUE";"TRUE"
284400;284;"Amortissements du matériel et mobilier";"immobilisation";"TRUE";"TRUE"
284500;284;"Amortissements du matériel de transport";"immobilisation";"TRUE";"TRUE"
284600;284;"Amortissements des actifs biologiques";"immobilisation";;;;
284700;284;"Amortissements des agencements et aménagements du matériel et des actifs biologiques";"immobilisation";;;;
284800;284;"Amortissements des autres matériels";"immobilisation";"TRUE";"TRUE"
29;"CL2";"Dépréciations des immobilisations";"view";"TRUE";"TRUE"
291;29;"Dépréciations des immobilisations incorporelles";"immobilisation";;;;
291100;291;"Dépréciations des frais de développement";"immobilisation";"TRUE";"TRUE"
291200;291;"Dépréciations des brevets licences concessions et droits similaires";"immobilisation";"TRUE";"TRUE"
291300;291;"Dépréciations des logiciels et sites internet";"immobilisation";"TRUE";"TRUE"
291400;291;"Dépréciations des marques";"immobilisation";"TRUE";"TRUE"
291500;291;"Dépréciations du fonds commercial";"immobilisation";"TRUE";"TRUE"
291600;291;"Dépréciations du droit au bail";"immobilisation";;;;
291700;291;"Dépréciations des investissements de création";"immobilisation";;;;
291800;291;"Dépréciations des autres droits et valeurs incorporels";"immobilisation";;;;
291900;291;"Dépréciations des immobilisations incorporelles en cours";"immobilisation";;;;
292;29;"Dépréciations des terrains";"immobilisation";;;;
292100;292;"Dépréciations des terrains agricoles et forestiers";"immobilisation";;;;
292200;292;"Dépréciations des terrains nus";"immobilisation";;;;
292300;292;"Dépréciations des terrains bâtis";"immobilisation";;;;
292400;292;"Dépréciations des travaux de mise en valeur des terrains";"immobilisation";;;;
292500;292;"Dépréciations des terrains de gisement";"immobilisation";;;;
292600;292;"Dépréciations des terrains aménagés";"immobilisation";;;;
292700;292;"Dépréciations des terrains mis en concession";"immobilisation";;;;
292800;292;"Dépréciations des autres terrains";"immobilisation";;;;
292900;292;"Dépréciations des aménagements de terrains en cours";"immobilisation";;;;
293;29;"Dépréciations des bâtiments installations techniques et agencements";"immobilisation";;;;
293100;293;"Dépréciations des bâtiments industriels  agricoles administratifs et commerciaux sur sol propre";"immobilisation";;;;
293200;293;"Dépréciations des bâtiments industriels agricoles administratifs et commerciaux sur sol d''autrui";"immobilisation";;;;
293300;293;"Dépréciations des ouvrages d'infrastructures";"immobilisation";;;;
293400;293;"Dépréciations des aménagements agencements et installations techniques";"immobilisation";;;;
293500;293;"Dépréciations des aménagements de bureaux";"immobilisation";;;;
293700;293;"Dépréciations des bâtiments industriels agricoles et commerciaux mis en concession";"immobilisation";;;;
293800;293;"Dépréciations des autres installations et agencements";"immobilisation";;;;
293900;293;"Dépréciations des bâtiments et installations en cours";"immobilisation";;;;
294;29;"Dépréciations de matériel du mobilier et de l'actif biologique";"immobilisation";;;;
294100;294;"Dépréciations du matériel et outillage industriel et commercial";"immobilisation";;;;
294200;294;"Dépréciations du matériel et outillage agricole";"immobilisation";;;;
294300;294;"Dépréciations du matériel d'emballage récupérable et identifiable";"immobilisation";;;;
294400;294;"Dépréciations du matériel et mobilier";"immobilisation";;;;
294500;294;"Dépréciations du matériel de transport";"immobilisation";;;;
294600;294;"Dépréciations des actifs biologiques";"immobilisation";;;;
294700;294;"Dépréciations des agencements et aménagements du matériel et des actifs biologiques";"immobilisation";;;;
294800;294;"Dépréciations des autres matériels";"immobilisation";;;;
294900;294;"Dépréciations de matériel en cours";"immobilisation";;;;
295;29;"Dépréciations des avances et acomptes versés sur immobilisations";"immobilisation";;;;
295100;295;"Dépréciations des avances et acomptes versés sur immobilisations incorporelles";"immobilisation";;;;
295200;295;"Dépréciations des avances et acomptes versés sur immobilisations corporelles";"immobilisation";;;;
296;29;"Dépréciations des titres de participation";"immobilisation";;;;
296100;296;"Dépréciations des titres de participation dans des sociétés sous contrôle exclusif";"immobilisation";;;;
296200;296;"Dépréciations des titres de participation dans les sociétés sous contrôle conjoint";"immobilisation";;;;
296300;296;"Dépréciations des titres de participation dans les sociétés conférant une influence notable";"immobilisation";;;;
296500;296;"Dépréciations des participations dans des organismes professionnels";"immobilisation";;;;
296600;296;"Dépréciations des parts dans des GIE";"immobilisation";;;;
296800;296;"Dépréciations des autres titres de participation";"immobilisation";;;;
297;29;"Dépréciations des autres immobilisations financières";"immobilisation";;;;
297100;297;"Dépréciations des prêts et créances";"immobilisation";;;;
297200;297;"Dépréciations des prêts au personnel";"immobilisation";;;;
297300;297;"Dépréciations des créances sur l'Etat";"immobilisation";;;;
297400;297;"Dépréciations des titres immobilisés";"immobilisation";;;;
297500;297;"Dépréciations des dépôts et cautionnements versés";"immobilisation";;;;
297700;297;"Dépréciations des créances rattachées à des participations et avances à des GIE";"immobilisation";;;;
297800;297;"Dépréciations des créances financières diverses";"immobilisation";;;;
31;"CL3";"Marchandises";"view";;;;
311;31;"Marchandises a";"currentAsset";;;;
311100;311;"Marchandises a1";"currentAsset";;;;
311200;311;"Marchandises a2";"currentAsset";;;;
312;31;"Marchandises b";"currentAsset";;;;
312100;312;"Marchandises b1";"currentAsset";;;;
312200;312;"Marchandises b2";"currentAsset";;;;
313;31;"Actifs biologiques";"currentAsset";;;;
313100;313;"Animaux";"currentAsset";;;;
313200;313;"Végétaux";"currentAsset";;;;
318;31;"Marchandises hors activites ordinaires (h.a.o.)";"currentAsset";;;;
32;"CL3";"Matieres premieres et fournitures liees";"view";;;;
321;32;"Matieres a";"currentAsset";;;;
322;32;"Matieres b";"currentAsset";;;;
323;32;"Fournitures (ab)";"currentAsset";;;;
33;"CL3";"Autres approvisionnements";"view";"TRUE";"TRUE"
331;33;"Matieres consommables";"currentAsset";"TRUE";"TRUE"
332;33;"Fournitures d'atelier et d'usine";"currentAsset";"TRUE";"TRUE"
333;33;"Fournitures de magasin";"currentAsset";"TRUE";"TRUE"
334;33;"Fournitures de bureau";"currentAsset";"TRUE";"TRUE"
335;33;"Emballages";"currentAsset";"TRUE";"TRUE"
335100;335;"Emballages perdus";"currentAsset";"TRUE";"TRUE"
335200;335;"Emballages récupérables non identifiables";"currentAsset";"TRUE";"TRUE"
335300;335;"Emballages à usage mixte";"currentAsset";"TRUE";"TRUE"
335800;335;"Autres emballages";"currentAsset";"TRUE";"TRUE"
338;33;"Autres matieres";"currentAsset";"TRUE";"TRUE"
34;"CL3";"Produits en cours";"view";"TRUE";"TRUE"
341;34;"Produits en cours";"currentAsset";"TRUE";"TRUE"
341100;341;"Produits en cours p1";"currentAsset";"TRUE";"TRUE"
341200;341;"Produits en cours p2";"currentAsset";"TRUE";"TRUE"
342;34;"Travaux en cours";"currentAsset";"TRUE";"TRUE"
342100;342;"Travaux en cours t1";"currentAsset";"TRUE";"TRUE"
342200;342;"Travaux en cours t2";"currentAsset";"TRUE";"TRUE"
343;34;"Produits intermediaires en cours";"currentAsset";;;;
343100;343;"Produits intermédiaires a";"currentAsset";"TRUE";"TRUE"
343200;343;"Produits intermédiaires b";"currentAsset";"TRUE";"TRUE"
344;34;"Produits residuels en cours";"currentAsset";"TRUE";"TRUE"
344100;344;"Produits résiduels a";"currentAsset";"TRUE";"TRUE"
344200;344;"Produits résiduels b";"currentAsset";;;;
345;34;"Actifs biologiques en-cours";"currentAsset";;;;
345100;345;"Animaux";"currentAsset";;;;
345200;345;"Végétaux";"currentAsset";;;;
35;"CL3";"Services en cours";"view";;;;
351;35;"Etudes en cours";"currentAsset";;;;
351100;351;"Etudes en cours e1";"currentAsset";;;;
351200;351;"Etudes en cours e2";"currentAsset";;;;
352;35;"Prestations de services en cours";"currentAsset";;;;
352100;352;"Prestations de services s1";"currentAsset";;;;
352200;352;"Prestations de services s2";"currentAsset";;;;
36;"CL3";"Produits finis";"view";;;;
361;36;"Produits finis a";"currentAsset";;;;
362;36;"Produits finis b";"currentAsset";;;;
363;36;"Actifs biologiques";"currentAsset";;;;
363100;363;"Animaux";"currentAsset";;;;
363200;363;"Végétaux";"currentAsset";;;;
363300;363;"Autres stocks (activités annexes)";"currentAsset";;;;
37;"CL3";"Produits intermediaires et residuels";"view";;;;
371;37;"Produits intermediaires";"currentAsset";;;;
371100;371;"Produits intermédiaires a";"currentAsset";;;;
371200;371;"Produits intermédiaires b";"currentAsset";;;;
372;37;"Produits residuels";"currentAsset";;;;
372100;372;"Végétaux";"currentAsset";;;;
372200;372;"Rebuts";"currentAsset";;;;
372300;372;"Matières de récupération";"currentAsset";;;;
373;37;"Actifs biologiques";"currentAsset";;;;
373100;373;"Animaux";"currentAsset";;;;
373200;373;"Végétaux";"currentAsset";;;;
373800;373;"Autres stocks (activités annexes)";"currentAsset";;;;
38;"CL3";"Stocks en cours de route en consignation ou en depot";"view";;;;
381;38;"Marchandises en cours de route";"currentAsset";;;;
382;38;"Matieres premieres et fournitures liees en cours de route";"currentAsset";;;;
383;38;"Autres approvisionnements en cours de route";"currentAsset";;;;
386;38;"Produits finis en cours de route";"currentAsset";;;;
387;38;"Stocks en consignation ou en depot";"currentAsset";;;;
387100;387;"Stock en consignation";"currentAsset";;;;
387200;387;"Stock en dépôt";"currentAsset";;;;
388;38;"Stock provenant d'immobilisations mises hors service ou au rebut";"currentAsset";;;;
39;"CL3";"Depreciation des stocks et encours de production";"view";;;;
391;39;"Depreciation des stoks de marchandises";"currentAsset";;;;
392;39;"Depreciation des stoks de matieres premieres et fournitures liees";"currentAsset";;;;
393;39;"Depreciation des stocks d'autres approvisionnements";"currentAsset";;;;
394;39;"Depreciations des productions en cours";"currentAsset";;;;
395;39;"Depreciations des services en cours";"currentAsset";;;;
396;39;"Depreciation des stocks de produits finis";"currentAsset";;;;
397;39;"Depreciation des stocks de produits intermediaires et residuels";"currentAsset";;;;
398;39;"Depreciation des stocks en cours de route en consignation ou en depot";"currentAsset";;;;
40;"CL4";"Fournisseurs et comptes rattaches";"view";;;;
401;40;"Fournisseurs, dettes en compte";"payable";;;;
401100;401;"Fournisseurs";"payable";;;;
401200;401;"Fournisseurs groupe";"payable";;;;
401300;401;"Fournisseurs sous-traitants";"payable";;;;
401600;401;"Fournisseurs réserve de propriété";"payable";;;;
401700;401;"Fournisseurs retenue de garantie";"payable";;;;
402;40;"Fournisseurs effets a payer";"payable";;;;
402100;402;"Fournisseurs effets à payer";"payable";;;;
402200;402;"Fournisseurs-groupe effets à payer";"payable";;;;
402300;402;"Fournisseurs sous-traitants effets à payer";"payable";;;;
404;40;"Fournisseurs acquisitions courantes d''immobilisations";"payable";;;;
404100;404;"Fournisseurs dettes en compte  immobilisations incorporelles";"payable";;;;
404200;404;"Fournisseurs dettes en compte immobilisations corporelles";"payable";;;;
404600;404;"Fournisseurs effets à payer immobilisations incorporelles";"payable";;;;
404700;404;"Fournisseurs effets à payer immobilisations corporelles";"payable";;;;
408;40;"Fournisseurs factures non parvenues";"payable";;;;
408100;408;"Fournisseurs";"payable";;;;
408200;408;"Fournisseurs - groupe";"payable";;;;
408300;408;"Fournisseurs sous-traitant";"payable";;;;
408600;408;"Fournisseurs intérêts courus";"payable";;;;
409;40;"Fournisseurs debiteurs";"payable";;;;
409100;409;"Fournisseurs avances et acomptes versés";"payable";;;;
409200;409;"Fournisseurs - groupe avances et acomptes versés";"payable";;;;
409300;409;"Fournisseurs sous-traitants avances et acompte versés";"payable";;;;
409400;409;"Fournisseurs créances pour emballages et matériels à rendre";"payable";;;;
409800;409;"Fournisseurs Rabais remises ristournes et autres avoirs à obtenir";"payable";;;;
41;"CL4";"Clients et compte rattaches";"view";;;;
411;41;"Clients";"receivable";;;;
411100;411;"Clients";"receivable";;;;
411200;411;"Clients-groupe";"receivable";;;;
411400;411;"Clients état et collectivités publiques";"receivable";;;;
411500;411;"Clients organismes internationaux";"receivable";;;;
411600;411;"Clients réserve de propriété";"receivable";;;;
411700;411;"Clients retenues de garantie";"receivable";;;;
411800;411;"Clients dégrèvement de taxes sur la valeur ajoutée (t.v.a.)";"receivable";;;;
412;41;"Clients effets a recevoir en portefeuille";"receivable";;;;
412100;412;"Clients effets à recevoir";"receivable";;;;
425800;425;"Autres représentatants du personnel";"receivable";;;;
412200;412;"Etat et collectivités publiques effets à recevoir";"receivable";;;;
412500;412;"Oganismes internationaux effets à recevoir";"receivable";;;;
413;41;"Clients cheques effets et autres valeurs impayes";"receivable";;;;
413100;413;"Clients chèques impayés";"receivable";;;;
413200;413;"Clients effets impayés";"receivable";;;;
413300;413;"Clients cartes de crédit impayées";"receivable";;;;
413800;413;"Clients autres valeurs impayées";"receivable";;;;
414;41;"Créances sur cessions courantes d'immobilisations";"receivable";;;;
414100;414;"Créances en compte immobilisations incorporelles";"receivable";;;;
414200;414;"Créances en compte immobilisations corporelles";"receivable";;;;
414600;414;"Effet à recevoir immobilisations incorporelles";"receivable";;;;
414700;414;"Effet à recevoir immobilisations corporelles";"receivable";;;;
415;41;"Clients effets escomptes non echus";"receivable";;;;
416;41;"Creances clients litigieuses ou douteuses";"receivable";;;;
416100;416;"Créances litigieuses";"receivable";;;;
416200;416;"Créances douteuses";"receivable";;;;
418;41;"Clients produits à recevoir";"receivable";;;;
418100;418;"Clients factures à établir";"receivable";;;;
418600;418;"Clients intérêts courus";"receivable";;;;
419;41;"Clients crediteurs";"receivable";;;;
419100;419;"Clients avances et acompte reçus";"receivable";;;;
419200;419;"Client - groupe avances et acomptes reçus";"receivable";;;;
419400;419;"Clients dettes pour emballages et matériels consignés";"receivable";;;;
419800;419;"Clients rabais remises ristournes et autres avoirs à accorder";"receivable";;;;
42;"CL4";"Personnel";"debt";;;;
421;42;"Personnel avances ";"debt";;;;
421100;421;"Personnel avances et acomptes";"debt";;;;
421200;421;"Personnel acomptes";"debt";;;;
421300;421;"Frais avancés et fournitures au personnel";"debt";;;;
422;42;"Personnel remunerations due";"debt";;;;
423;42;"Personnel oppositions saisie-arrets";"debt";;;;
423100;423;"Personnel oppositions";"debt";;;;
423200;423;"Personnel saisie arrêts";"debt";;;;
423300;423;"Personnel avis à tiers détenteur";"debt";;;;
424;42;"Personnel oeuvres sociales internes";"debt";;;;
424100;424;"Assistance médicale";"debt";;;;
424200;424;"Allocations familiales";"debt";;;;
424500;424;"Organisme sociaux rattachés à l'entreprise";"debt";;;;
424800;424;"Autres oeuvres sociales internes";"debt";;;;
425;42;"Representants du personnel";"debt";;;;
425100;425;"Délégués du personnel";"debt";;;;
425200;425;"Syndicats et comités d''entreprises d''établissement";"debt";;;;
426;42;"Personnel participation aux benefices et au capital";"debt";;;;
426100;426;"Participation aux benefices";"debt";;;;
426400;426;"Participation au capital";"debt";;;;
427;42;"Personnel-depots";"debt";;;;
428;42;"Personnel charge a payer et produits a recevoir";"debt";;;;
428100;428;"Dettes provisionnées pour congés à payer";"debt";;;;
428600;428;"Autres charge à payer";"debt";;;;
428700;428;"Produits à recevoir";"debt";;;;
43;"CL4";"Organismes sociaux";"debt";;;;
431;43;"Securite sociale";"debt";;;;
431100;431;"Prestations familiales";"debt";;;;
431200;431;"Accidents de travail";"debt";;;;
431300;431;"Caisse de retraite obligatoire";"debt";;;;
431400;431;"Caisse de retraite facultative";"debt";;;;
431800;431;"Autres cotisations sociales";"debt";;;;
432;43;"Caisse de retraite complementaire";"debt";;;;
433;43;"Autres organismes sociaux";"debt";;;;
433100;433;"Mutuelle";"debt";;;;
433200;433;"Assurances retraite";"debt";;;;
433300;433;"Assurances et organismes de santé";"debt";;;;
438;43;"Organismes sociaux charge a payer et produits a recevoir";"debt";;;;
438100;438;"charge sociales sur gratifications à payer";"debt";;;;
438200;438;"charge sociales sur congés à payer";"debt";;;;
438600;438;"Produits à recevoir";"debt";;;;
44;"CL4";"Etat et collectivites publiques";"view";;;;
441;44;"Etatimpot sur les benefices";"tax";;;;
442;44;"Etat autres impots et taxes";"tax";;;;
442100;442;"Impôts et taxes d'etat";"tax";;;;
442200;442;"Impôts et taxes pour les collectivités publiques";"tax";;;;
442300;442;"Impôts et taxes recouvrables sur des obligataires";"tax";;;;
442400;442;"Impôts et taxes recouvrables sur des associés";"tax";;;;
442600;442;"Droits de douane";"tax";;;;
442800;442;"Autres impôts et taxes";"tax";;;;
443;44;"Etat t.v.a. facturee";"tax";;;;
443100;443;"T.v.a. facturée sur ventes";"tax";;;;
443200;443;"T.v.a. facturée sur prestations de service";"tax";;;;
443300;443;"T.v.a. facturée sur travaux";"tax";;;;
443400;443;"T.v.a. facturée sur production livrée à soi-même";"tax";;;;
443500;443;"T.v.a. sur factures à établir";"tax";;;;
444;44;"Etat t.v.a. due ou credit de t.v.a.";"tax";;;;
444100;444;"Etat t.v.a. due";"tax";;;;
444900;444;"Etat crédit de t.v.a. à reporter";"tax";;;;
445;44;"Etat t.v.a. recuperable";"tax";;;;
445100;445;"T.v.a. récupérable sur immobilisations";"tax";;;;
445200;445;"T.v.a. récupérable sur achats";"tax";;;;
445300;445;"T.v.a. récupérable sur transports";"tax";;;;
445500;445;"T.v.a. récupérable sur factures non parvenues";"tax";;;;
445600;445;"T.v.a. transférée par d'autres entreprises";"tax";;;;
446;44;"Etat autres taxes sur le chiffre d''affaires";"tax";;;;
447;44;"Etat impots retenus a la source";"tax";;;;
447100;447;"Impôt général sur le revenu";"tax";;;;
447200;447;"Impôts sur salaires";"tax";;;;
447300;447;"Contribution nationale";"tax";;;;
447400;447;"Contribution nationale de solidarité";"tax";;;;
447800;447;"Autres impôts et contributions";"tax";;;;
448;44;"Etat charge a payer et produits a recevoir";"tax";;;;
448600;448;"charge à payer";"tax";;;;
448700;448;"Produits à recevoir";"tax";;;;
449;44;"Etats creances et dettes diverses";"tax";;;;
449100;449;"Etat obligations cautionnées";"tax";;;;
449200;449;"Etat avances et acomptes versés sur impôts";"tax";;;;
449300;449;"Etat fonds de dotation à recevoir";"tax";;;;
449400;449;"Etat subventions d''équipement à recevoir";"tax";;;;
449500;449;"Etat subventions d''exploitation à recevoir";"tax";;;;
449600;449;"Etat subventions d''équilibre à recevoir";"tax";;;;
449700;449;"Etat avances sur subventions ";"tax";;;;
449900;449;"Etat fond réglementé provisionné";"tax";;;;
45;"CL4";"Organismes internationaux";"view";;;;
451;45;"Operations avec les organismes africains";"view";;;;
452;45;"Operations avec les autres organismes internationaux";"view";;;;
458;45;"Organismes internationaux fonds de dotation et subventions a recevoir";"view";;;;
458100;458;"Organismes internationaux fonds de dotation à recevoir";"view";;;;
458200;458;"Organismes internationaux subventions à recevoir";"view";;;;
46;"CL4";"Apporteurs Associés et Groupe";"view";;;;
461;46;"Apporteurs operations sur le capital";"view";;;;
461100;461;"Apporteurs apport en nature";"view";;;;
461200;461;"Apporteurs apport en numéraire";"view";;;;
461300;461;"Apporteurs capital appelé non versé";"view";;;;
461400;461;"Apporteurs compte d'apport opérations de restructuration (fusion‚Ä¶)";"view";;;;
461500;461;"Apporteurs versements reçus sur augmentation de capital";"view";;;;
461600;461;"Apporteurs versements anticipés";"view";;;;
461700;461;"Apporteurs défaillants";"view";;;;
461800;461;"Apporteurs titres à échanger";"view";;;;
461900;461;"Apporteurs capital à rembourser";"view";;;;
462;46;"Associes comptes courants";"view";;;;
462100;462;"Principal";"view";;;;
462600;462;"Intérêts courus";"view";;;;
463;46;"Associes operations faites en commun et GIE";"view";;;;
463100;463;"Opérations courantes";"view";;;;
463600;463;"Intérêts courus";"view";;;;
465;46;"Associes dividendes a payer";"view";;;;
466;46;"Groupe comptes courants";"view";;;;
467;46;"Apporteurs restant dû sur capital appelé";"view";;;;
47;"CL4";"Débiteurs et Créditeur divers";"view";;;;
471;47;"Debiteurs et crediteur divers";"debt";;;;
471100;471;"Débiteurs divers";"debt";;;;
471200;471;"Créditeurs divers";"debt";;;;
471300;471;"Obligataires";"debt";;;;
471500;471;"Rémunérations d'administrateurs";"debt";;;;
471600;471;"Compte d'affacturage";"debt";;;;
471700;471;"Débiteurs divers - retenues de garantie";"debt";;;;
471800;471;"Apport compte de fusion et opérations assimilées";"debt";;;;
471900;471;"Bons de souscription d'actions et d'obligations";"debt";;;;
472;47;"Créances et dettes sur titres de placement";"debt";;;;
472100;472;"Créances sur cessions de titres de placement";"debt";;;;
472600;472;"Versements restant à effectuer sur titres de placement non libérés";"debt";;;;
473;47;"Intermédiaires - operations faites pour compte de tiers";"debt";;;;
473100;473;"Mandants";"debt";;;;
473200;473;"Mandataires";"debt";;;;
473300;473;"Commettants";"debt";;;;
473400;473;"Commissionnaires";"debt";;;;
473900;473;"Etat Collectivités publiques fonds global d'allocation";"debt";;;;
474;47;"Compte de repartition periodique des charge et des produits";"debt";;;;
474600;474;"Compte de repartition periodique des charge";"debt";;;;
474700;474;"Compte de repartition periodique des income";"debt";;;;
475;47;"Compte transitoire ajustement spécial lie à la révision du SYSCOHADA";"debt";;;;
475100;475;"Compte actif";"debt";;;;
475200;475;"Compte passif";"debt";;;;
476;47;"Charge constatées d'avance";"debt";;;;
477;47;"Produits constates d'avance";"debt";;;;
478;47;"Ecarts de conversion actif";"view";;;;
478100;478;"Diminution des créances d'exploitation";"view";;;;
478200;478;"Diminution des créances financières";"view";;;;
478300;478;"Augmentation des dettes d'exploitation";"view";;;;
478400;478;"Augmentation des dettes financières";"view";;;;
478600;478;"Différences d'évaluation sur instruments de trésorerie";"view";;;;
478800;478;"Différences compensées par couverture de change";"view";;;;
479;47;"Ecarts de conversion passif";"debt";;;;
479100;479;"Augmentation des créances d'exploitation";"debt";;;;
479200;479;"Augmentation des créances financières";"debt";;;;
479300;479;"Diminution des dettes d'exploitation";"debt";;;;
479400;479;"Diminution des dettes financières";"debt";;;;
479600;479;"Différences d'évaluation sur instruments de trésorerie";"debt";;;;
479800;479;"Différences compensées par couverture de change";"debt";;;;
48;"CL4";"Créances et dettes hors activites ordinaires (HAO)";"view";;;;
481;48;"Fournisseurs d'investissements";"debt";;;;
481100;481;"Immobilisation incorporelles";"debt";;;;
481200;481;"Immobilisation corporelles";"debt";;;;
608500;608;"Frais sur achats";"charge";;;;
481300;481;"Versements restant à effectuer sur titres de participation et titres immobilisés non libérés";"debt";;;;
481600;481;"Réserve de propriété";"debt";;;;
481700;481;"Retenues de garantie";"debt";;;;
481800;481;"Factures non parvenues";"debt";;;;
482;482;"Fournisseurs d''investissements effets a payer";"debt";;;;
482100;482;"Immobilisation incorporelles";"debt";;;;
482200;482;"Immobilisation corporelles";"debt";;;;
484;48;"Autres dettes hors activites ordinaires (HAO)";"view";;;;
485;48;"Creances sur cessions d'immobilisations";"view";;;;
485100;485;"En compte immobilisations incorporelles";"view";;;;
485200;485;"En compte immobilisations corporelles";"view";;;;
485300;485;"Effets à recevoir immobilisations incorporelles";"view";;;;
485400;485;"Effets à recevoir immobilisations corporelles";"view";;;;
485500;485;"Effets escomptés non échus";"view";;;;
485700;485;"Retenues de garantie";"view";;;;
485800;485;"Factures à établir";"view";;;;
488;48;"Autres creances hors activites ordinaires (HAO)";"view";;;;
49;"CL4";"Dépréciations et provisions pour risques à court terme (TIERS)";"view";;;;
491;49;"Depreciations des comptes clients";"debt";;;;
491100;491;"Créances litigieuses";"debt";;;;
491200;491;"Créances douteuses";"debt";;;;
492;49;"Depreciations des comptes personnel";"debt";;;;
493;49;"Depreciations des comptes organismes sociaux";"debt";;;;
494;49;"Depreciations des comptes etats et collectivites publiques";"debt";;;;
495;49;"Depreciations des comptes organismes internationaux";"debt";;;;
496;49;"Depreciations des comptes associes et groupe";"debt";;;;
496200;496;"Associés comptes courants";"debt";;;;
496300;496;"Associés opérations faites en commun";"debt";;;;
496600;496;"Groupe comptes courants";"debt";;;;
497;49;"Depreciations des comptes debiteurs divers";"debt";;;;
498;49;"Depreciations des comptes de creances h.a.o.";"debt";;;;
498500;498;"Créances sur cessions d'immobilisations";"debt";;;;
498600;498;"Créances sur cessions de titres de placement";"debt";;;;
498800;498;"Autres créances HAO";"debt";;;;
499;49;"Provision pour risques à court terme";"debt";;;;
499100;499;"Sur opérations d'exploitation";"debt";;;;
499700;499;"Sur opérations financières";"debt";;;;
499800;499;"Sur opérations HAO";"debt";;;;
50;"CL5";"Titres de placement";"view";;;;
501;50;"Titres du tresor et bon de caisse a court terme";"cash";;;;
501100;501;"Titres du trésor à court terme";"cash";;;;
501200;501;"Titres d'organismes financiers";"cash";;;;
501300;501;"Bons de caisse à court terme";"cash";;;;
501600;501;"Frais d'acquisition des titres de trésor et bons de caisse";"cash";;;;
502;500;"Actions";"cash";;;;
502100;502;"Actions ou parts propres";"cash";;;;
502200;502;"Actions cotées";"cash";;;;
502300;502;"Actions non cotées";"cash";;;;
502400;502;"Actions démembrées (certificats d'investissement; droits de vote)";"cash";;;;
502500;502;"Autres actions";"cash";;;;
502600;502;"Frais d'acquisition des actions";"cash";;;;
503;500;"Obligations";"cash";;;;
503100;503;"Obligations émises par la société et rachetées par elle";"cash";;;;
503200;503;"Obligations cotées";"cash";;;;
503300;503;"Obligations non cotées";"cash";;;;
503500;503;"Autres obligations";"cash";;;;
503600;503;"Frais d'acquisition des obligations";"cash";;;;
504;500;"Bon de souscription";"cash";;;;
504200;504;"Bons de souscription d'actions";"cash";;;;
504300;504;"Bon de souscription d'obligations";"cash";;;;
505;500;"Titres negociables hors region";"cash";;;;
506;500;"Interets courus";"cash";;;;
506100;506;"Titres du trésor et bons de caisse à court terme";"cash";;;;
506200;506;"Actions";"cash";;;;
506300;506;"Obligations";"cash";;;;
508;500;"Autres titres de placement et créances assimilees";"cash";;;;
51;"CL5";"Valeurs a encaisser";"view";;;;
511;51;"Effets à encaisser";"cash";;;;
512;51;"Effets à l'encaissement";"cash";;;;
513;51;"Cheques à encaisser";"cash";;;;
514;51;"Cheques à l'encaissement";"cash";;;;
515;51;"Cartes de credit a encaisser";"cash";;;;
518;51;"Autres valeurs a l'encaissement";"cash";;;;
518100;518;"Warrants";"cash";;;;
518200;518;"Billets de fonds";"cash";;;;
518500;518;"Chèque de voyage";"cash";;;;
518600;518;"Coupons échus";"cash";;;;
518700;518;"Intérêts échus des obligations";"cash";;;;
520;"CL5";"Banques";"view";;;;
521;52;"Banques locales";"cash";;;;
521100;521;"Banques en monnaie nationale";"cash";;;;
521500;521;"Banques en devises";"cash";;;;
522;52;"Banques autres etats region";"cash";;;;
523;52;"Banques autres etats zone monetaire";"cash";;;;
524;52;"Banques hors zone monetaire";"cash";;;;
525;52;"Banques dépôts à terme";"cash";;;;
526;52;"Banques interets courus";"cash";;;;
526100;526;"Banques intérêts courus charge à payer";"cash";;;;
638300;638;"Réceptions";"charge";;;;
526700;526;"Banques intérêts courus produits à recevoir";"cash";;;;
530;"CL5";"Etablissements financiers et assimiles";"view";;;;
531;53;"Cheques postaux";"cash";;;;
532;53;"Trésor";"cash";;;;
533;53;"Societe de gestion et d'intermediation (s.g.i.)";"cash";;;;
536;53;"Etablissements financiers interets courus";"cash";;;;
538;53;"Autres organismes financiers";"cash";;;;
540;"CL5";"Instruments de tresorerie";"view";;;;
541;54;"Options de taux d'interets";"cash";;;;
542;54;"Options de taux de change";"cash";;;;
543;54;"Options de taux boursiers";"cash";;;;
544;54;"Instruments de marches a terme";"cash";;;;
545;54;"Avoirs d'or et autres metaux precieux";"cash";;;;
550;"CL5";"Instruments de monnaie electronique";"view";;;;
551;55;"Monnaie electronique - carte carburant";"cash";;;;
552;55;"Monnaie electronique - telephone portable";"cash";;;;
553;55;"Monnaie electronique - carte peage";"cash";;;;
554;55;"Porte -monnaie electronique";"cash";;;;
558;55;"Autres instruments monnaies electroniques";"cash";;;;
56;"CL5";"Banques credits de tresorerie et d''escompte";"view";;;;
561;56;"Credits de tresorerie";"cash";;;;
564;56;"Escompte de credits de campagne";"cash";;;;
565;56;"Escompte de credits ordinaires";"cash";;;;
566;56;"Banques credits de tresorerie interets courus";"cash";;;;
57;"CL5";"Caisse";"view";;;;
571;57;"Caisse siege social";"cash";;;;
571100;571;"Caisse en monnaie nationale";"cash";;;;
571200;571;"Caisse en devises";"cash";;;;
572;57;"Caisse succursale a";"cash";;;;
572100;572;"en monnaie nationale";"cash";;;;
572200;572;"en devises";"cash";;;;
573;57;"Caisse succursale b";"cash";;;;
573100;573;"en monnaie nationale";"cash";;;;
573200;573;"en devises";"cash";;;;
58;"CL5";"Regies d''avances accreditifs et virements internes";"view";;;;
581;58;"Regies d'avance";"cash";;;;
582;58;"Accreditifs";"cash";;;;
585;58;"Virements de fonds";"cash";;;;
588;58;"Autres virements internes";"cash";;;;
59;"CL5";"Dépréciations et provisions pour risque à court terme";"view";;;;
590;59;"Depreciations des titres de placement";"cash";;;;
591;59;"Depreciations des titres et valeurs a encaisser";"cash";;;;
592;59;"Depreciations des comptes banques";"cash";;;;
593;59;"Depreciations des comptes etablissements financiers et assimiles";"cash";;;;
594;59;"Depreciations des comptes d'instruments de tresorerie";"cash";;;;
599;59;"Provisions pour risque a court terme à caractère financier";"cash";;;;
60;"CL6";"Achats et variations de stocks";"view";;;;
601;60;"Achats de marchandises";"charge";;;;
601100;601;"Dans la région";"charge";;;;
601200;601;"Hors région";"charge";;;;
601300;601;"Aux entités du groupe dans la région";"charge";;;;
601400;601;"Aux entités du groupe hors région";"charge";;;;
601500;601;"Frais sur achats";"charge";;;;
601900;601;"Rabais remises et ristournes obtenus (non ventilés)";"charge";;;;
602;60;"Achats de matieres premieres et fournitures liees";"charge";;;;
602100;602;"Dans la région";"charge";;;;
602200;602;"Hors région";"charge";;;;
602300;602;"Aux entités du groupe dans la région";"charge";;;;
602400;602;"Aux entités du groupe hors région";"charge";;;;
602500;602;"Frais sur achats";"charge";;;;
602900;602;"Rabais remises et ristournes obtenus (non ventilés)";"charge";;;;
603;60;"Variations des stocks et biens achetes";"charge";;;;
603100;603;"Variations des stocks de marchandises";"charge";;;;
603200;603;"Variations des stocks de matiéres premiéres et fournitures liées";"charge";;;;
603300;603;"Variations des stocks d'autres approvisionnements";"charge";;;;
604;60;"Achats stockés de matières et fournitures consommables";"charge";;;;
604100;604;"Matiéres consommables";"charge";;;;
604200;604;"Matiéres combustibles";"charge";;;;
604300;604;"Produits d'entretien";"charge";;;;
604400;604;"Fournitures d'atelier et d'usine";"charge";;;;
604500;604;"Frais sur achats";"charge";;;;
604600;604;"Fournitures de magasin";"charge";;;;
604700;604;"Fournitures de bureau";"charge";;;;
604900;604;"Rabais remises et ristournes obtenus (non ventilés)";"charge";;;;
605;60;"Autres achats";"charge";;;;
605100;605;"Fournitures non stockables - eau";"charge";;;;
605200;605;"Fournitures non stockables - electricité";"charge";;;;
605300;605;"Fournitures non stockables - autres énergies";"charge";;;;
605400;605;"Fournitures d'entretien non stockables";"charge";;;;
605500;605;"Fournitures de bureau non stockables";"charge";;;;
605600;605;"Achats de petits matériel et outillage";"charge";;;;
605700;605;"Achats d'études et de prestations de services";"charge";;;;
605800;605;"Achats de travaux matériels et équipements";"charge";;;;
605900;605;"Rabais remises et ristournes obtenus (non ventilés)";"charge";;;;
608;60;"Achats d'emballages";"charge";;;;
608100;608;"Emballages perdus";"charge";;;;
608200;608;"Emballages récupérables non identifiables";"charge";;;;
608300;608;"Emballages à usage mixte";"charge";;;;
608900;608;"Rabais remises et ristournes obtenus (non ventilés)";"charge";;;;
61;"CL6";"Transports";"view";;;;
612;61;"Transport sur ventes";"charge";;;;
613;61;"Transports pour le compte de tiers";"charge";;;;
614;61;"Transports du personnel";"charge";;;;
616;61;"Transports de plis";"charge";;;;
618;61;"Autres frais de transport";"charge";;;;
618100;618;"Voyages et déplacements";"charge";;;;
618200;618;"Transports entre établissements ou chantiers";"charge";;;;
618300;618;"Transports administratifs";"charge";;;;
62;"AAA";"Services exterieurs";"view";;;;
621;62;"Sous traitance generale";"charge";;;;
622;62;"Locations et charge locatives";"charge";;;;
622100;622;"Locations de terrains";"charge";;;;
622200;622;"Locations de bâtiments";"charge";;;;
622300;622;"Location de matériels et outillages";"charge";;;;
622400;622;"Malis sur emballages";"charge";;;;
622500;622;"Locations d'emballages";"charge";;;;
622600;622;"Fermages et loyers du foncier";"charge";;;;
622800;622;"Locations et charge locatives diverses";"charge";;;;
623;62;"Redevances de location acquisition";"charge";;;;
623200;623;"Crédits-bail immobilier";"charge";;;;
623300;623;"Crédits-bail mobilier";"charge";;;;
623400;623;"Location vente";"charge";;;;
623800;623;"Autres contrats de location acquisition";"charge";;;;
624;62;"Entretiens reparations remise en état et maintenance";"charge";;;;
624100;624;"Entretien et réparation des biens immobiliers";"charge";;;;
624200;624;"Entretien et réparation des biens mobiliers";"charge";;;;
624300;624;"Maintenance";"charge";;;;
624400;624;"charge de démantèlement et remise en état";"charge";;;;
675600;675;"Autres entretiens et réparations";"charge";;;;
625;62;"Primes d'assurance";"charge";;;;
625100;625;"Assurances multirisques";"charge";;;;
625200;625;"Assurances matériel de transport";"charge";;;;
625300;625;"Assurances risques d'exploitation";"charge";;;;
625400;625;"Assurances responsabilité du producteur";"charge";;;;
625500;625;"Assurances insolvabilité clients";"charge";;;;
625700;625;"Assurances transport sur ventes";"charge";;;;
625800;625;"Autres primes d'assurances";"charge";;;;
626;62;"Etudes recherches et documentation";"charge";;;;
626100;626;"Etudes et recherches";"charge";;;;
626500;626;"Documentation générale";"charge";;;;
626600;626;"Documentation technique";"charge";;;;
627;62;"Publicite publications relations publiques";"charge";;;;
627100;627;"Immobilisation incorporelles";"charge";;;;
627200;627;"Catalogues imprimés publicitaires";"charge";;;;
627300;627;"Echantillons";"charge";;;;
627400;627;"Foires et expositions";"charge";;;;
627500;627;"Publications";"charge";;;;
627600;627;"Cadeaux à la clientèle";"charge";;;;
627700;627;"Frais de colloques séminaires conférences";"charge";;;;
627800;627;"Autres charge de publicités et relations publiques";"charge";;;;
628;62;"Dotations aux d‚àö¬©pr‚àö¬©ciation des ‚àö¬©l‚àö¬©ments financiers";"charge";;;;
628100;628;"Frais de téléphone";"charge";;;;
628200;628;"Frais de télex";"charge";;;;
628300;628;"Frais de télécopie";"charge";;;;
628800;628;"Autres frais de télécommunications";"charge";;;;
63;"CL6";"Autres services exterieurs";"view";;;;
631;63;"Frais bancaires";"charge";;;;
631100;631;"Frais sur titre (vente garde)";"charge";;;;
631200;631;"Frais sur effets";"charge";;;;
631300;631;"Locations de coffres";"charge";;;;
631500;631;"Frais d'émission d'emprunts";"charge";;;;
631700;631;"Frais sur instruments monnaie électronique";"charge";;;;
631800;631;"Autres frais bancaires";"charge";;;;
632;63;"Remunerations d'intermediaires et de conseils";"charge";;;;
632200;632;"Commissions et courtages sur ventes";"charge";;;;
632400;632;"Honoraires des professions règlementées";"charge";;;;
632500;632;"Frais d'actes et de contentieux";"charge";;;;
632600;632;"Rémunérations d'affacturage";"charge";;;;
632700;632;"Rémunérations des autres prestataires de services";"charge";;;;
632800;632;"Divers frais";"charge";;;;
633;63;"Frais de formation du personnel";"charge";;;;
634;63;"Redevances pour brevets licences logiciels concessions et droits et valeurs similaires";"charge";;;;
634200;634;"Redevances pour brevets  licences";"charge";;;;
634300;634;"Redevances pour logiciel";"charge";;;;
634400;634;"Redevances pour marques";"charge";;;;
634500;634;"Redevances pour sites internet";"charge";;;;
634600;634;"Redevances pour concessions  droits et valeurs similaires";"charge";;;;
635;63;"Cotisations";"charge";;;;
635100;635;"Cotisations";"charge";;;;
635800;635;"Concours divers";"charge";;;;
637;63;"Remunerations du personnel exterieur à l'entité";"charge";;;;
637100;637;"Personnel intérimaire";"charge";;;;
637200;637;"Personnel détaché ou prêté à l'entité";"charge";;;;
638;63;"Autres charge externes";"charge";;;;
638100;638;"Frais de recrutement du personnel";"charge";;;;
638200;638;"Frais de déménagement";"charge";;;;
638400;638;"Missions";"charge";;;;
638500;638;"Charge de copropriété";"charge";;;;
64;"CL6";"Impots et taxes";"view";;;;
641;64;"Impots et taxes directs";"charge";;;;
641100;641;"Impots fonciers et taxes annexes";"charge";;;;
641200;641;"Patentes  licences et taxes annexes";"charge";;;;
641300;641;"Taxes sur appointements et salaires";"charge";;;;
641400;641;"Taxes d'apprentissage";"charge";;;;
641500;641;"Formation professionnelle continue";"charge";;;;
641800;641;"Autres impôts et taxes directs";"charge";;;;
645;64;"Impots et taxes indirects";"charge";;;;
646;64;"Droits d'enregistrement";"charge";;;;
646100;646;"Droits de mutation";"charge";;;;
646200;646;"Droits de timbre";"charge";;;;
646300;646;"Taxes sur les véhicules de société";"charge";;;;
646400;646;"Vignettes";"charge";;;;
646800;646;"Autres droits";"charge";;;;
647;64;"Penalites et amendes fiscales";"charge";;;;
647100;647;"Pénalités d''assiette  impots directs";"charge";;;;
647200;647;"Pénalités d''assiette  impôts indirects";"charge";;;;
647300;647;"Pénalités de recouvrement  impôts directs";"charge";;;;
647400;647;"Pénalités de recouvrement  impôts indirects";"charge";;;;
647800;647;"Autres amendes pénales et fiscales";"charge";;;;
648;64;"Autres impots et taxes";"charge";;;;
650;"CL6";"Autres charge";"view";;;;
651;65;"Pertes sur creances clients et autres debiteurs";"charge";;;;
651100;651;"Pertes sur clients";"charge";;;;
651500;651;"Autres débiteurs";"charge";;;;
652;65;"Quote-part de resultat sur operations faites en commun";"charge";;;;
652100;652;"Quote-part transféré de bénéfices (comptabilté du gérants)";"charge";;;;
652500;652;"Pertes imputées par transfert (comptabilité des associés non gérants)";"charge";;;;
654;65;"Valeur comptable des cessions courantes d'immobilisations";"charge";;;;
654100;654;"Immobilisation incorporelles";"charge";;;;
654200;654;"Immobilisation corporelles";"charge";;;;
656;65;"Perte de change sur creances et dettes commerciale";"charge";;;;
657;65;"Penalites et amendes penales";"charge";;;;
658;65;"charge diverses";"charge";;;;
658100;658;"Indemnités de fonction et autres rémunérations d'administrateurs";"charge";;;;
658200;658;"Dons";"charge";;;;
658300;658;"Mécénat";"charge";;;;
658800;658;"Autres charge diverses";"charge";;;;
659;65;"Charge provisionnees d'exploitation";"charge";;;;
659100;659;"Sur risque à court terme";"charge";;;;
659300;659;"Sur stocks";"charge";;;;
659400;659;"Sur créances";"charge";;;;
659800;659;"Autres charge pour dépréciations et provisions pour risques à court terme";"charge";;;;
66;"CL6";"Charge de personnel";"view";;;;
661;66;"Rémunérations directes versees au personnel national";"charge";;;;
661100;661;"Appointements salaires et commissions";"charge";;;;
661200;661;"Primes et gratifications";"charge";;;;
661300;661;"Congés payés";"charge";;;;
661400;661;"Indemnités de préavis  de licencement et de recherche d''embauche";"charge";;;;
661500;661;"Indemnités de maladie versées aux travailleurs";"charge";;;;
661600;661;"Supplément familial";"charge";;;;
661700;661;"Avantages en nature";"charge";;;;
661800;661;"Autres rémunérations directes";"charge";;;;
662;66;"Remunerations directes versees au personnel non national";"charge";;;;
662100;662;"Appointements salaires et commissions";"charge";;;;
662200;662;"Primes et gratifications";"charge";;;;
662300;662;"Congés payés";"charge";;;;
662400;662;"Indemnités de préavis  de licencement et de recherche d''embauche";"charge";;;;
662500;662;"Indemnités de maladie versées aux travailleurs";"charge";;;;
662600;662;"Supplément familial";"charge";;;;
662700;662;"Avantages en nature";"charge";;;;
662800;662;"Autres rémunérations directes";"charge";;;;
663;66;"Indemnites forfaitaires versees au personnel";"charge";;;;
663100;663;"Indemnités de logement";"charge";;;;
663200;663;"Indemnités de représentation";"charge";;;;
663300;663;"Indemnités d'expatriation";"charge";;;;
663400;663;"Indemnités de transport";"charge";;;;
663800;663;"Autres indemnités et avantages divers";"charge";;;;
664;66;"Charge sociales";"charge";;;;
664100;664;"Charge sociales sur rémunération du personnel national";"charge";;;;
664200;664;"Charge sociales sur rémunération du personnel non national";"charge";;;;
666;66;"Remunerations et charge sociales de l'exploitant individuel";"charge";;;;
666100;666;"Rémunérations du travail de l'exploitant";"charge";;;;
666200;666;"Charge sociales";"charge";;;;
667;66;"Remunerations transférée de personnel exterieur";"charge";;;;
667100;667;"Personnel intérimaire";"charge";;;;
667200;667;"Personnel détaché ou prêté à l'entreprise";"charge";;;;
668;66;"Autres charge sociales";"charge";;;;
668100;668;"Versements aux syndicats et comités d''entreprise,  d'établisement";"charge";;;;
888;88;"Autres";"income";;;;
668200;668;"Versements aux comité d'hygiéne et de sécurité";"charge";;;;
668300;668;"Versements et contribution aux autres oeuvres sociales";"charge";;;;
668400;668;"Médecine du travail et pharmacie";"charge";;;;
668500;668;"Assurances et organismes de santé";"charge";;;;
668600;668;"Assurances retraite et fonds de pension";"charge";;;;
668700;668;"Majorations et pénalités sociales";"charge";;;;
668800;668;"Charge sociales diverses";"charge";;;;
67;"CL6";"Frais financiers et charge assimilees";"view";;;;
671;67;"Interets des emprunts";"charge";;;;
671100;671;"Emprunts obligataires";"charge";;;;
671200;671;"Emprunts auprès des établissements de crédit";"charge";;;;
671300;671;"Dettes liées à des participations";"charge";;;;
671400;671;"Primes de remboursement des obligations";"charge";;;;
672;67;"Interets dans loyers de location acquisition";"charge";;;;
672200;672;"Intérêts dans loyers de location acquisition/crédit-bail immobilier";"charge";;;;
672300;672;"Intérêts dans loyers de location acquisition/crédit-bail mobilier";"charge";;;;
672400;672;"Intérêts dans loyers de location acquisition/location-vente";"charge";;;;
672800;672;"Intérêts dans loyers des autres locations acquisition";"charge";;;;
673;67;"Escomptes accordes";"charge";;;;
674;67;"Autres interets";"charge";;;;
674100;674;"Avances reçues et dépôts créditeurs";"charge";;;;
674200;674;"Comptes courants bloqués";"charge";;;;
674300;674;"Intérêts sur obligations cautionnées";"charge";;;;
674400;674;"Intérêts sur dettes commerciales";"charge";;;;
674500;674;"Intérêts bancaires et sur opérations de financement (escompte‚Ä¶)";"charge";;;;
674800;674;"Intérêts sur dettes diverses";"charge";;;;
675;67;"Escomptes des effets de commerce";"charge";;;;
676;67;"Pertes de change financieres";"charge";;;;
677;67;"Pertes sur titres de placement";"charge";;;;
677100;677;"Pertes sur cessions de titres de placement";"charge";;;;
677200;677;"Malis provenant d'attribution gratuite d'actions au personnel salarié etaux dirigeants";"charge";;;;
678;67;"Pertes et charge sur risques financiers";"charge";;;;
678100;678;"Sur rentes viagères";"charge";;;;
678200;678;"Sur opérations fiancières";"charge";;;;
678300;678;"Sur instruments de trésorerie";"charge";;;;
679;67;"Charge pour dépréciations et provisions pour risques à court terme financieres";"charge";;;;
679100;679;"Sur risque financiers";"charge";;;;
679500;679;"Sur titres de placements";"charge";;;;
704200;704;"Hors région";"income";;;;
679800;679;"Autres charges pour dépréciations et provisions pour risques à court terme financières";"charge";;;;
68;"CL6";"Dotations aus amortissements";"view";;;;
681;68;"Dotations aux amortissements d'exploitation";"charge";;;;
681200;681;"Dotations aux amortissements des immobilisations incorporelles";"charge";;;;
681300;681;"Dotations aux amortissements des immobilisations corporelles";"charge";;;;
690;"CL6";"Dotattions aux provisions et aux dépréciations";"view";;;;
691;69;"Dotation aux provisions et aux dépréciations d'exploitation";"charge";;;;
691100;691;"Dotations aux provisions pour risques et charge";"charge";;;;
691300;691;"Dotations aux dépréciations des immobilisations incorporelles";"charge";;;;
691400;691;"Dotations aux dépréciations des immobilisations corporelles";"charge";;;;
697;69;"Dotations aux provisions et aux dépréciations financieres";"charge";;;;
697100;697;"Dotations aux provisions pour risques et charge";"charge";;;;
697200;697;"Dotations aux dépréciations des immobilisations financières";"charge";;;;
70;"CL7";"Ventes";"view";;;;
701;70;"Ventes de marchandises";"income";;;;
701100;701;"Dans la région";"income";;;;
701200;701;"Hors région";"income";;;;
701300;701;"Aux entités du groupe dans la région";"income";;;;
701400;701;"Aux entités du groupe hors région";"income";;;;
701500;701;"sur internet";"income";;;;
701900;701;"Rabais remises ristournes accordés (non ventilés)";"income";;;;
702;70;"Ventes de produits finis";"income";;;;
702100;702;"Dans la région";"income";;;;
702200;702;"Hors région";"income";;;;
702300;702;"Aux entités de groupe dans la région";"income";;;;
758;75;"Produits divers";"income";;;;
702400;702;"Aux entités du groupe hors région";"income";;;;
702500;702;"sur internet";"income";;;;
702900;702;"Rabais remises ristournes accordés (non ventilés)";"income";;;;
703;70;"Ventes de produits intermediaires";"income";;;;
703100;703;"Dans la région";"income";;;;
703200;703;"Hors région";"income";;;;
703300;703;"Aux entités du groupe dans la région";"income";;;;
703400;703;"Aux entités du groupe hors région";"income";;;;
703500;703;"sur internet";"income";;;;
703900;703;"Rabais remises ristournes accordés (non ventilés)";"income";;;;
704;70;"Ventes de produits residuels";"income";;;;
704100;704;"Dans la région";"income";;;;
704300;704;"Aux entités du groupe dans la région";"income";;;;
704400;704;"Aux entités du groupe hors région";"income";;;;
704500;704;"sur internet";"income";;;;
704900;704;"Rabais remises ristournes accordés (non ventilés)";"income";;;;
705;70;"Travaux factures";"income";;;;
705100;705;"Dans la région";"income";;;;
705200;705;"Hors région";"income";;;;
705300;705;"Aux entités du groupe dans la région";"income";;;;
705400;705;"Aux entités du groupe hors région";"income";;;;
705500;705;"sur internet";"income";;;;
705900;705;"Rabais remises ristournes accordés (non ventilés)";"income";;;;
706;70;"Services vendus";"income";;;;
706100;706;"Dans la région";"income";;;;
706200;706;"Hors région";"income";;;;
706300;706;"Aux entités du groupe dans la région";"income";;;;
706400;706;"Aux entités du groupe hors région";"income";;;;
706500;706;"sur internet";"income";;;;
706900;706;"Rabais remises ristournes accordés (non ventilés)";"income";;;;
707;70;"Produits accessoires";"income";;;;
707100;707;"Port emballages perdus et autres frais facturés";"income";;;;
707200;707;"Commissions et courtages";"income";;;;
707300;707;"Locations";"income";;;;
707400;707;"Bonis sur reprises et cessions d'emballages";"income";;;;
707500;707;"Mise à disposition de personnel";"income";;;;
707600;707;"Redevances pour brevets logiciels marques et droits similaires";"income";;;;
707700;707;"Services exploités dans l'intérêt du personnel";"income";;;;
707800;707;"Autres produits accessoires";"income";;;;
71;"CL7";"Subventions d'exploitation";"view";;;;
711;71;"Sur produits a l'exportation";"income";;;;
712;71;"Sur produits a l'importation";"income";;;;
713;71;"Sur produits de perequation";"income";;;;
714;71;"Indemnites et subventions d'exploitation (entité agricole)";"income";;;;
718;71;"Autres subventions d'exploitation";"income";;;;
718100;718;"Versées par l'etat et les collectivités publiques";"income";;;;
718200;718;"Versées par les organismes internationaux";"income";;;;
718300;718;"Versées par des tiers";"income";;;;
72;"CL7";"Production immobilisée";"view";;;;
721;72;"Immobilisation incorporelles";"income";;;;
722;72;"Immobilisation corporelles";"income";;;;
722100;722;"Immobilisation corporelles (hors actifs biologiques)";"income";;;;
722200;722;"Immobilisation corporelles (actifs biologiques)";"income";;;;
724;72;"Production auto-consommée";"income";;;;
726;72;"Immobilisation financieres";"income";;;;
73;"CL7";"Variations des stocks de biens et de services produits";"view";;;;
734;73;"Variations des stocks de produitsn en cours";"income";;;;
734100;734;"Produits en cours";"income";;;;
734200;734;"Travaux en cours";"income";;;;
735;73;"Variations des en-cours de services";"income";;;;
735100;735;"Etudes en cours";"income";;;;
735200;735;"Prestations de services en cours";"income";;;;
736;73;"Variations des stocks de produits finis";"income";;;;
737;73;"Variations des stocks de produits intermediaires et residuels";"income";;;;
737100;737;"Produits intermédiaires";"income";;;;
737200;737;"Bons de souscription d'actions";"income";;;;
75;"CL7";"Autres produits";"view";;;;
751;75;"Profits sur creances clients et autres debiteurs";"income";;;;
752;75;"Quote-part de resultat sur operations faites en commun";"income";;;;
752100;752;"Quote-part trsnsférée de pertes (comptabilité de gérant)";"income";;;;
752500;752;"Bénéfices attribués par transfert (comptabilité des associés non gérants)";"income";;;;
754;75;"Autres ‚àö¬©carts de r‚àö¬©‚àö¬©valuation en France";"income";;;;
754100;754;"Immobilisation incorporelles";"income";;;;
754200;754;"Immobilisation corporelles";"income";;;;
756;75;"Gains de change sur creances et dettes commerciales";"income";;;;
758100;758;"Indemnités de fonction et autres rémunérations d'administrateurs";"income";;;;
758200;758;"Indemnités d'assurances reçues";"income";;;;
758800;758;"Autres produits divers";"income";;;;
759;75;"Reprises de charge pour depreciations et provisions pour risques à court terme d'exploitation";"income";;;;
759100;759;"Sur risques à court terme";"income";;;;
759300;759;"Sur stocks";"income";;;;
759400;759;"Sur créances";"income";;;;
759800;759;"Sur autres charge pour dépréciations et provisions pour risques à court terme financières";"income";;;;
77;"CL7";"Revenus financiers et produits assimiles";"view";;;;
771;77;"Interets de prets et creances diverses";"income";;;;
771200;771;"Intérêts de prêts";"income";;;;
771300;771;"Intérêts sur créances diverses";"income";;;;
772;77;"Revenus de participations et autres titres immobilisés";"income";;;;
772100;772;"Revenus des titres de participation";"income";;;;
772200;772;"Revenus autres titres immobilisés";"income";;;;
773;77;"Escomptes obtenus";"income";;;;
774;77;"Revenus de placement";"income";;;;
774500;774;"Revenus des obligations";"income";;;;
774600;774;"Revenus des titres de placement";"income";;;;
775;77;"Interets dans loyers de location acquisition";"income";;;;
776;77;"Gains de change financiers";"income";;;;
777;77;"Gains sur cessions de titres de placement";"income";;;;
778;77;"Gains sur risques financiers";"income";;;;
778100;778;"Gains sur rentes viagères";"income";;;;
778200;778;"Gains sur opérations financières";"income";;;;
778400;778;"Gains sur instruments de trésorerie";"income";;;;
779;77;"Reprises de charge pour depreciations et provisions a court terme financières";"income";;;;
779100;779;"Sur risques financiers";"income";;;;
779500;779;"Sur titres de placement";"income";;;;
779800;779;"sur autres charge pour dépréciations et provisions pour risques à court terme financières";"income";;;;
78;"CL7";"Transfert de charge";"view";;;;
781;78;"Transfert de charge d'exploitation";"income";;;;
787;78;"Transfert de charge financieres";"income";;;;
790;"CL7";"Reprises de provisions";"view";;;;
791;79;"Reprises de provisions et depreciationsd'exploitation";"income";;;;
791100;791;"Pour risques et charge";"income";;;;
791300;791;"Des immobilisations incorporelles";"income";;;;
791400;791;"Immobilisation corporelles";"income";;;;
797;79;"Reprises de provisions et depreciations financieres";"income";;;;
797100;797;"Pour risques et charge";"income";;;;
797200;797;"Immobilisation financières";"income";;;;
798;79;"Reprises d'amortissements";"income";;;;
799;79;"Reprises de subventions d'investissement";"income";;;;
81;"CL8";"Valeurs comptables des cessions d'immobilisations";"view";;;;
811;81;"Immobilisation incorporelles";"income";;;;
812;81;"Immobilisation corporelles";"income";;;;
816;81;"Immobilisation financieres";"income";;;;
82;"CL8";"Produits de cessions d'immobilisations";"view";;;;
821;82;"Immobilisation incorporelles";"income";;;;
886;88;"Groupe";"income";;;;
822;82;"Immobilisation corporelle";"income";;;;
826;82;"Immobilisation financieres";"income";;;;
83;"CL8";"Charge hors activites ordinaires";"view";;;;
831;83;"Charge h.a.o constatées";"charge";;;;
833;83;"Charge liees aux operations de restructuration";"charge";;;;
834;83;"Pertes sur creances h.a.o";"charge";;;;
835;83;"Dons et liberalites accordes";"charge";;;;
836;83;"Abandons de creances consentis";"charge";;;;
837;83;"Charge liees aux operations de liquidation";"charge";;;;
839;83;"Charge pour dépréciations et provisions pour risques à court terme h.a.o.";"charge";;;;
84;"CL8";"Produits hors activites ordinaires";"view";;;;
841;84;"Produits h.a.o constates";"income";;;;
843;84;"Produits lies aux operations de restructuration";"income";;;;
844;84;"Indemnites et subventions HAO (entité agricole)";"income";;;;
845;84;"Dons et liberalites obtenus";"income";;;;
846;84;"Abandons de creances obtenus";"income";;;;
847;84;"Produits lies aux operations de liquidation";"income";;;;
848;84;"Transferts de charge h.a.o";"income";;;;
849;84;"Reprises de charge pour depreciations et provisions pour risques a court terme HAO";"income";;;;
85;"CL8";"Dotations hors activites ordinaires";"view";;;;
851;85;"Dotations aux provisions reglementees";"charge";;;;
852;85;"Dotations aux amortissements h.a.o";"charge";;;;
853;85;"Dotations aux depreciations h.a.o";"charge";;;;
854;85;"Dotations aux provisions pour risques et charge h.a.o";"charge";;;;
858;85;"Autres dotations h.a.o";"charge";;;;
86;"CL8";"Reprises de charge provisions et depreciation HAO";"view";;;;
861;86;"Reprises de provisions reglementees";"income";;;;
862;86;"Reprises d'amortissements HAO";"income";;;;
863;86;"Reprises de depreciations h.a.o";"income";;;;
864;86;"Reprises de provisions pour risques et charge h.a.o";"income";;;;
868;86;"Autres reprises h.a.o";"income";;;;
870;"CL8";"Participations des travailleurs";"view";;;;
871;87;"Participation legale aux benefices";"charge";;;;
874;87;"Participation contractuelle aux benefices";"charge";;;;
878;87;"Autres participations";"charge";;;;
88;"CL8";"Subventions d'equilibre";"view";;;;
881;88;"Etat";"income";;;;
884;88;"Collectivites publiques";"income";;;;
89;"CL8";"Impots sur le resultat";"view";;;;
891;89;"Impots sur les benefices de l'exercice";"tax";;;;
891100;891;"Activités exercées dans l'etat";"tax";;;;
891200;891;"Activités exercées dans les autres etats de la région";"tax";;;;
891300;891;"Activités exercées hors région";"tax";;;;
892;89;"Rappel d'impôts sur resultats anterieurs";"tax";;;;
895;89;"Impôts minimum forfaitaires (i.m.f)";"tax";;;;
899;89;"Dégrèvements et annulations d'impots sur resultats antérieurs";"tax";;;;
899100;899;"Dégrèvements";"tax";;;;
899400;899;"Annulations pour pertes rétroactives";"tax";;;;
90;"CL9";"Engagements obtenus et engagements accordés";"view";;;;
901;90;"Engagements de financement obtenus";"commitment";;;;
901100;901;"Crédits confirmés obtenus";"commitment";;;;
901200;901;"Emprunts restant à encaisser";"commitment";;;;
901300;901;"Facilités de financement renouvelables";"commitment";;;;
901400;901;"Facilités d'émission";"commitment";;;;
901800;901;"Autres engagements de financement obtenus";"commitment";;;;
902;90;"Engagements de garantie obtenus";"commitment";;;;
902100;902;"Avals obtenus";"commitment";;;;
902200;902;"Cautions garanties obtenues";"commitment";;;;
902300;902;"Hypothèques obtenues";"commitment";;;;
902400;902;"Effets endossés par des tiers";"commitment";;;;
902800;902;"Autres garanties obtenues";"commitment";;;;
903;90;"Engagements réciproques";"commitment";;;;
903100;903;"Achats de marchandises à terme";"commitment";;;;
903200;903;"Achats à terme de devises";"commitment";;;;
903300;903;"Commandes fermes des clients";"commitment";;;;
903800;903;"Autres engagements réciproques";"commitment";;;;
904;90;"Autres engagements obtenus";"commitment";;;;
904100;904;"Abandons de créances conditionnels";"commitment";;;;
904300;904;"Ventes avec clause de réserve de propriété";"commitment";;;;
904800;904;"Divers engagements obtenus";"commitment";;;;
905;90;"Engagements de financement accordés";"commitment";;;;
905100;905;"Crédits accordés non décaissés";"commitment";;;;
905800;905;"Autres engagements de financement accordés";"commitment";;;;
906;90;"Engagements de garantie accordés";"commitment";;;;
906100;906;"Avals accordés";"commitment";;;;
906200;906;"Cautions garanties accordées";"commitment";;;;
906300;906;"Hypothèques accordées";"commitment";;;;
906400;906;"Effets endossés par l'entité";"commitment";;;;
906800;906;"Autres garanties accordées";"commitment";;;;
907;90;"Engagements réciproques";"commitment";;;;
907100;907;"Ventes de marchandises à terme";"commitment";;;;
907200;907;"Ventes à terme de devises";"commitment";;;;
907300;907;"Commandes fermes aux fournisseurs";"commitment";;;;
907800;907;"Autres engagements réciproques";"commitment";;;;
908;90;"Autres engagements accordés";"commitment";;;;
908100;908;"Annulations conditionnelles de dettes";"commitment";;;;
908200;908;"Engagements de retraite";"commitment";;;;
908300;908;"Achats avec clause de réserve de propriété";"commitment";;;;
908400;908;"Divers engagements accordés";"commitment";;;;
91;"CL9";"Contreparties des engagements";"view";;;;
911;91;"Contrepartie des engagements obtenus";"commitment";;;;
915;91;"Contrepartie des engagements accordés";"commitment";;;;
92;"CL9";"Comptes réfléchis";"commitment";;;;
93;"CL9";"Comptes de reclassements";"commitment";;;;
94;"CL9";"Comptes de coûts";"commitment";;;;
95;"CL9";"Comptes de stocks";"commitment";;;;
96;"CL9";"Comptes d'écarts sur coûts préétablis";"commitment";;;;
97;"CL9";"Comptes de différences de traitement comptable";"commitment";;;;
98;"CL9";"Comptes de résultats";"commitment";;;;
99;"CL9";"Comptes de liaisons internes";"commitment";;;;
